{
    "name": "countdown",
    "version": "1.0.2",
    "title": "jQuery CountDown Clock",
    "description": "Simple countdown plugin for product special offers",
    "keywords": [
        "countdown",
        "timezone",
        "offset"
    ],
    "author": {
        "name": "Ekrem KAYA",
        "url": "https://e-piksel.com"
    },
    "licenses": [
        {
            "type": "GNU GPL v2",
            "url": "https://github.com/epiksel/countdown/blob/master/LICENSE"
        }
    ],
    "homepage": "https://github.com/epiksel/countdown",
    "docs": "https://github.com/epiksel/countdown",
    "demo": "https://epiksel.github.io/countdown/demo",
    "dependencies": {
        "jquery": ">=1.7"
    }
}